comment_id,video_id,sentimiento,prob_neg,prob_neu,prob_pos,puntaje_sentimiento
Ugw-J65a1iYL9hqhELh4AaABAg,j43HgwYFKfk,NEG,0.8078,0.1463,0.0459,-0.7619
Ugw-ZT9t9wU2V-tCaUZ4AaABAg,06mFNPU0aB8,NEG,0.9651,0.0291,0.0058,-0.9593
Ugw0xaOb2CYXXoudtwJ4AaABAg,j43HgwYFKfk,NEG,0.9714,0.026,0.0027,-0.9687
Ugw0xgUc2ISpBr5_T654AaABAg,j43HgwYFKfk,NEG,0.7019,0.2676,0.0305,-0.6714
Ugw1ZzA21njWhaqQQTh4AaABAg,OkXlHx0hx-8,NEG,0.8103,0.1704,0.0192,-0.7911
Ugw1ZzA21njWhaqQQTh4AaABAg.Aa9Tf29tBouAaB_XZQglTL,OkXlHx0hx-8,NEU,0.309,0.5396,0.1514,-0.1576
Ugw2014OIYf336oytFt4AaABAg,yLZS3JiEBg8,POS,0.0219,0.3888,0.5893,0.5674
Ugw2bSVOoNn2pc8ZcUl4AaABAg,n8iP75gIpmw,NEG,0.5835,0.3767,0.0398,-0.5437
Ugw3gnUvLp6AqO0_odt4AaABAg,lj983NWyAQY,NEU,0.1579,0.6771,0.1649,0.007
Ugw4C1ijI36l6LAiSZh4AaABAg,n8iP75gIpmw,NEG,0.5816,0.2898,0.1286,-0.453
Ugw4St_YnT9_Ya5xSPt4AaABAg,ndAZjHqzzT8,NEG,0.9143,0.0802,0.0055,-0.9088
Ugw4ccnmIWJaE6VNRWN4AaABAg,6W4u8sGEnGM,POS,0.025,0.0753,0.8998,0.8748
Ugw5E402-fn52PLXFIJ4AaABAg,n8iP75gIpmw,NEG,0.7197,0.2553,0.0251,-0.6946
Ugw5URsiAF9QVoniY-l4AaABAg,n8iP75gIpmw,NEG,0.8866,0.1064,0.007,-0.8796
Ugw5xMAuDaygo77ynI94AaABAg,n8iP75gIpmw,NEG,0.9809,0.016,0.0031,-0.9778
Ugw6cfXYfV4H-asKlDR4AaABAg,TT4qJ5FXHYE,NEG,0.975,0.0215,0.0035,-0.9715
Ugw74asIfir0_SVC6OB4AaABAg,j43HgwYFKfk,NEU,0.2984,0.6855,0.0162,-0.2822
Ugw86zOgTwKzYotlT9l4AaABAg,n8iP75gIpmw,NEG,0.9045,0.089,0.0065,-0.898
Ugw8iZ_G2Cwq-9ZYctt4AaABAg,j43HgwYFKfk,NEG,0.9449,0.0436,0.0115,-0.9334
Ugw8pyxscJNUQpfoKuF4AaABAg,n8iP75gIpmw,NEG,0.7941,0.1953,0.0106,-0.7835
Ugw9_Qw_QaSdggWuKJt4AaABAg,06mFNPU0aB8,NEU,0.1227,0.8153,0.0621,-0.0606
Ugw9eye2GML6RHRSu-14AaABAg,n8iP75gIpmw,NEG,0.9528,0.0373,0.0099,-0.9429
UgwA5aTmgACLCuTUT494AaABAg,lj983NWyAQY,POS,0.0107,0.1314,0.8579,0.8472
UgwARHTnVAzzPrHbNox4AaABAg,n8iP75gIpmw,POS,0.0029,0.0233,0.9738,0.9709
UgwBIwUPLGxEWAu3Mh14AaABAg,X_FAIef8qlE,NEG,0.8916,0.1051,0.0034,-0.8882
UgwCW5PErySUmwse3bZ4AaABAg,OkXlHx0hx-8,NEU,0.4656,0.4727,0.0617,-0.4039
UgwCfRlzeiXz172UQQV4AaABAg,yLZS3JiEBg8,POS,0.0028,0.0355,0.9617,0.9589
UgwCw9bhAw6suYQfCWx4AaABAg,j43HgwYFKfk,POS,0.0306,0.2022,0.7672,0.7366
UgwEOUk-ofXNqkHW5Cx4AaABAg,n8iP75gIpmw,NEG,0.9598,0.0372,0.003,-0.9568
UgwEQHx8Ik7SbxBTQ914AaABAg,n8iP75gIpmw,NEU,0.3549,0.5239,0.1212,-0.2337
UgwEjfj5ueeimHg-Hbt4AaABAg,j43HgwYFKfk,NEG,0.8794,0.1044,0.0161,-0.8633
UgwG3XiEgFlHKtrtTqd4AaABAg,n8iP75gIpmw,NEG,0.9689,0.0278,0.0033,-0.9656
UgwGm1V-_GN1ZPcijdl4AaABAg,n8iP75gIpmw,NEG,0.9338,0.0628,0.0034,-0.9304
UgwHY5LtTiQ0lBONp8N4AaABAg,n8iP75gIpmw,NEG,0.9452,0.046,0.0087,-0.9365
UgwIB06iEQnFOFLc9et4AaABAg,6W4u8sGEnGM,NEG,0.9623,0.0331,0.0046,-0.9577
UgwIB06iEQnFOFLc9et4AaABAg.Aa-0m2jDJt2Aa42DVzs9Zy,6W4u8sGEnGM,NEG,0.8334,0.1386,0.028,-0.8054
UgwIBBqN6fh6MURkwkN4AaABAg,j43HgwYFKfk,NEG,0.9713,0.0226,0.0061,-0.9652
UgwIiqrp6EYNoFmnBAR4AaABAg,n8iP75gIpmw,NEG,0.921,0.0626,0.0165,-0.9045
UgwIlv8gtF3WKYfHSJJ4AaABAg,j43HgwYFKfk,NEU,0.256,0.7022,0.0418,-0.2142
UgwJ4UehO5E4j0niJU14AaABAg,n8iP75gIpmw,NEG,0.6899,0.2889,0.0212,-0.6687
UgwJMFYT7I9czw_oa0V4AaABAg,n8iP75gIpmw,NEU,0.1274,0.7868,0.0857,-0.0417
UgwJN55EmMcKPRb_AfB4AaABAg,n8iP75gIpmw,NEG,0.9748,0.0218,0.0034,-0.9714
UgwKjHT5lyjLiqR9ym94AaABAg,n8iP75gIpmw,POS,0.1007,0.2032,0.696,0.5953
UgwL_UlN82zRUeNgVDh4AaABAg,j43HgwYFKfk,NEU,0.3924,0.5653,0.0422,-0.3502
UgwMfCTNaiukOxMqfON4AaABAg,6W4u8sGEnGM,NEU,0.0814,0.7566,0.162,0.0806
UgwNvErOoJ_qRYF6TB94AaABAg,j43HgwYFKfk,NEG,0.8716,0.0894,0.0391,-0.8325
UgwO8kzHC551ofxNYCV4AaABAg,TT4qJ5FXHYE,POS,0.0045,0.0257,0.9699,0.9654
UgwPCZZx2gI444cg2AV4AaABAg,n8iP75gIpmw,NEG,0.9738,0.0214,0.0048,-0.969
UgwRLgDGrh-_TEVNOYh4AaABAg,OkXlHx0hx-8,NEU,0.2298,0.7297,0.0405,-0.1893
UgwSDn5aIUEZwOlx9c94AaABAg,zweosulrwA8,POS,0.0331,0.4101,0.5568,0.5237
UgwSt406Q1HWBWCewI14AaABAg,6W4u8sGEnGM,NEU,0.1088,0.6456,0.2456,0.1368
UgwSt406Q1HWBWCewI14AaABAg.Aa-KmSVE5UgAa-M7iXQwik,6W4u8sGEnGM,NEU,0.1808,0.554,0.2652,0.0844
UgwTyYcT2aNvGA5DK4J4AaABAg,n8iP75gIpmw,POS,0.0144,0.204,0.7816,0.7672
UgwUZL4XYbr2lbEi1r94AaABAg,j43HgwYFKfk,NEU,0.1502,0.7765,0.0733,-0.0769
UgwXm2HjtCzRKiDHflJ4AaABAg,JkpVO1hx2f8,NEG,0.7294,0.2541,0.0165,-0.7129
UgwY0wdDJRzHsTCnLbN4AaABAg,n8iP75gIpmw,NEG,0.9722,0.0205,0.0074,-0.9648
UgwY2FW-3sBGV2CGxaJ4AaABAg,06mFNPU0aB8,POS,0.0043,0.0304,0.9653,0.961
UgwYTL5-XYvmQxsC3Bt4AaABAg,n8iP75gIpmw,NEG,0.9706,0.0258,0.0037,-0.9669
UgwYaHf9EYIl5Pf-y514AaABAg,n8iP75gIpmw,NEG,0.9535,0.0377,0.0088,-0.9447
UgwZw9X6DpxCIJ6YkXZ4AaABAg,PjmxCj-a9Hg,NEG,0.9178,0.0736,0.0087,-0.9091
Ugw_g00Bv3m-cnSxhMp4AaABAg,OkXlHx0hx-8,NEG,0.9829,0.0144,0.0027,-0.9802
Ugw_wfk-1nUcdyG3muZ4AaABAg,n8iP75gIpmw,POS,0.0074,0.054,0.9386,0.9312
UgwaGYcI3FekgL1PZct4AaABAg,j43HgwYFKfk,NEG,0.9759,0.0211,0.003,-0.9729
UgwaokeDKlLgSdqHpW94AaABAg,n8iP75gIpmw,NEU,0.4587,0.5135,0.0278,-0.4309
Ugwbnz3tRoBa7Vs3A3d4AaABAg,b_Hkrkl3adA,NEG,0.9017,0.0899,0.0084,-0.8933
Ugwc0TMrFYylioxh_Sh4AaABAg,6W4u8sGEnGM,POS,0.0647,0.3608,0.5745,0.5098
UgwcF8V3__81jxC8Eh14AaABAg,n8iP75gIpmw,NEG,0.9374,0.0545,0.008,-0.9294
UgwdC_aDdYB1wpgGNAt4AaABAg,lj983NWyAQY,POS,0.0097,0.1086,0.8817,0.872
Ugwe0V0ssRP-r167Lzh4AaABAg,n8iP75gIpmw,NEG,0.8223,0.1633,0.0144,-0.8079
UgwgSP2G2qKwGGl5CSp4AaABAg,6W4u8sGEnGM,NEU,0.1407,0.4675,0.3918,0.2511
UgwgoKatyznihVvDVVd4AaABAg,n8iP75gIpmw,NEG,0.9539,0.0345,0.0116,-0.9423
UgwguqWom06c5opgpiF4AaABAg,n8iP75gIpmw,NEG,0.8496,0.1195,0.0309,-0.8187
UgwhphOY9n46ofElDut4AaABAg,PjmxCj-a9Hg,NEG,0.9688,0.0271,0.004,-0.9648
UgwiGxmosawIyTVTjnB4AaABAg,n8iP75gIpmw,NEG,0.896,0.0906,0.0134,-0.8826
Ugwih8O9PeaJ_zd7FWV4AaABAg,n8iP75gIpmw,NEG,0.9759,0.0205,0.0036,-0.9723
Ugwije36G_n35mshRfp4AaABAg,6W4u8sGEnGM,NEU,0.1488,0.566,0.2852,0.1364
UgwjKxflp7TiD0e7_494AaABAg,n8iP75gIpmw,NEG,0.901,0.085,0.014,-0.887
Ugwjtq_DUb6ISU-ppsh4AaABAg,n8iP75gIpmw,POS,0.0215,0.4022,0.5764,0.5549
UgwkiP4fW1xfpXbZcV14AaABAg,n8iP75gIpmw,NEG,0.9638,0.0316,0.0047,-0.9591
Ugwm9VajlW3ydbsf-BJ4AaABAg,6W4u8sGEnGM,POS,0.0287,0.1279,0.8434,0.8147
UgwmvtMMEFg5rWbrmtV4AaABAg,yLZS3JiEBg8,NEG,0.9108,0.0821,0.0071,-0.9037
UgwnCwptihjhFCfQK_l4AaABAg,6W4u8sGEnGM,NEU,0.1408,0.7334,0.1258,-0.015
UgwopmNYOXxE5kyT7fF4AaABAg,n8iP75gIpmw,NEG,0.8229,0.1608,0.0163,-0.8066
UgwovhZaCiV0r6XOH_R4AaABAg,ndAZjHqzzT8,NEU,0.2034,0.4779,0.3187,0.1153
UgwoyDvqZ6NlBCvXB7t4AaABAg,yLZS3JiEBg8,NEG,0.9609,0.0346,0.0045,-0.9564
Ugwp1SacIqA0qS_netd4AaABAg,n8iP75gIpmw,NEG,0.7506,0.2292,0.0202,-0.7304
UgwpY9PE_PBfwa2_g_N4AaABAg,n8iP75gIpmw,NEG,0.9818,0.0155,0.0027,-0.9791
Ugwqsca_nj4eGguiyTJ4AaABAg,j43HgwYFKfk,NEG,0.9801,0.0149,0.005,-0.9751
UgwrIvqGid-S983oU9J4AaABAg,n8iP75gIpmw,NEG,0.9381,0.0481,0.0138,-0.9243
UgwsCWap2Jq1pNrLOWl4AaABAg,n8iP75gIpmw,POS,0.0215,0.0623,0.9162,0.8947
UgwtcR5U0FAkeZsiVVt4AaABAg,06mFNPU0aB8,NEG,0.8489,0.129,0.0221,-0.8268
Ugwvm2HYh08HI1HkcXV4AaABAg,PjmxCj-a9Hg,POS,0.007,0.039,0.954,0.947
UgwvvK1L0aLOhCMUzfN4AaABAg,n8iP75gIpmw,NEG,0.9671,0.0282,0.0047,-0.9624
UgwwH4OIcVCCN6SbBX14AaABAg,n8iP75gIpmw,NEG,0.962,0.0308,0.0072,-0.9548
UgwwKfLmhHVU-Oxzqtl4AaABAg,n8iP75gIpmw,NEG,0.8562,0.1314,0.0124,-0.8438
UgwwPrhCy2levkb6TRd4AaABAg,ndAZjHqzzT8,NEG,0.9672,0.0305,0.0023,-0.9649
UgwxjmtBoAozs0ZUAcd4AaABAg,is3Mk5oC19g,NEG,0.9079,0.0777,0.0143,-0.8936
UgwxjmtBoAozs0ZUAcd4AaABAg.AaAbqoGVGipAaAjNG9oPRN,is3Mk5oC19g,NEU,0.2143,0.5861,0.1997,-0.0146
UgwypjUeZBU45DrrW0d4AaABAg,n8iP75gIpmw,NEG,0.9675,0.0294,0.003,-0.9645
Ugwz_6qtdDTbTWEUQQ94AaABAg,n8iP75gIpmw,NEG,0.9857,0.0108,0.0035,-0.9822
Ugx-G2kCu5aSwh3IR5l4AaABAg,n8iP75gIpmw,NEG,0.9523,0.0448,0.0029,-0.9494
Ugx-cQ3Wf3whk_hssDR4AaABAg,06mFNPU0aB8,NEG,0.9159,0.076,0.0081,-0.9078
Ugx-hH6Ysw9sdv3kHPN4AaABAg,j43HgwYFKfk,NEG,0.8668,0.0982,0.035,-0.8318
Ugx1reCoIQcnK3ii2GR4AaABAg,n8iP75gIpmw,NEG,0.9652,0.0303,0.0045,-0.9607
Ugx2ApaAMqe4ca4SCYx4AaABAg,n8iP75gIpmw,NEU,0.1493,0.7252,0.1255,-0.0238
Ugx2LwWBVc3mFGJAinB4AaABAg,n8iP75gIpmw,NEU,0.0252,0.5554,0.4193,0.3941
Ugx2byJzZBZkDMQMUqV4AaABAg,n8iP75gIpmw,NEG,0.9096,0.0709,0.0195,-0.8901
Ugx3uDgmZQhx3Z3VOzt4AaABAg,j43HgwYFKfk,NEU,0.1277,0.7593,0.1129,-0.0148
Ugx3yIUZXGeiOVESIEl4AaABAg,n8iP75gIpmw,NEU,0.3575,0.6106,0.0319,-0.3256
Ugx4dn4xlUl9Jp9QJeJ4AaABAg,6W4u8sGEnGM,POS,0.0115,0.4163,0.5722,0.5607
Ugx6Wjc02tqpQUBf4NJ4AaABAg,yLZS3JiEBg8,NEG,0.9372,0.0519,0.0109,-0.9263
Ugx74OPnWkWaFjpFuA94AaABAg,n8iP75gIpmw,NEG,0.6597,0.3278,0.0125,-0.6472
Ugx74OPnWkWaFjpFuA94AaABAg.A7ki-1ED5b2A7nIcG2_svP,n8iP75gIpmw,NEU,0.2424,0.4796,0.278,0.0356
Ugx7Gvgflw7nQKqoR094AaABAg,lj983NWyAQY,POS,0.0058,0.0623,0.932,0.9262
Ugx7ezRwB-DpY3VQt754AaABAg,n8iP75gIpmw,NEU,0.4347,0.5274,0.0379,-0.3968
Ugx7j6oWhgfonHPJCdR4AaABAg,n8iP75gIpmw,NEG,0.8767,0.1097,0.0136,-0.8631
Ugx8FxDKPAY-M_JhRgd4AaABAg,n8iP75gIpmw,NEG,0.8053,0.1807,0.014,-0.7913
Ugx8vuWdqsWZslsS9R14AaABAg,WIUZtitfLRw,NEU,0.1733,0.4971,0.3296,0.1563
Ugx90cmhNaRBNDou1BR4AaABAg,OkXlHx0hx-8,NEG,0.5452,0.4138,0.0409,-0.5043
Ugx90cmhNaRBNDou1BR4AaABAg.AaA5Ej9IqgQAaBaWPRQg7K,OkXlHx0hx-8,NEG,0.9383,0.0429,0.0187,-0.9196
Ugx90cmhNaRBNDou1BR4AaABAg.AaA5Ej9IqgQAaCnVqXU5cy,OkXlHx0hx-8,NEU,0.3543,0.4729,0.1728,-0.1815
Ugx90cmhNaRBNDou1BR4AaABAg.AaA5Ej9IqgQAaCz3GqqPAJ,OkXlHx0hx-8,NEU,0.0367,0.6459,0.3174,0.2807
UgxCKgaQSm13r2z9hFd4AaABAg,j43HgwYFKfk,NEG,0.9671,0.0307,0.0021,-0.965
UgxCT5F3jO763e2aO-t4AaABAg,OkXlHx0hx-8,NEG,0.4779,0.4706,0.0516,-0.4263
UgxCjFHfuFk1jUGvoIB4AaABAg,lj983NWyAQY,POS,0.0043,0.0501,0.9455,0.9412
UgxD16VX3BhREOtsuhJ4AaABAg,yLZS3JiEBg8,NEG,0.9497,0.0436,0.0067,-0.943
UgxDBhcq11EK83DqrSZ4AaABAg,j43HgwYFKfk,POS,0.0138,0.1842,0.802,0.7882
UgxDFo35bUo0APtZcd94AaABAg,lj983NWyAQY,NEG,0.8031,0.1756,0.0213,-0.7818
UgxEE17R1iQyuDZebVF4AaABAg,06mFNPU0aB8,NEU,0.1228,0.8172,0.0601,-0.0627
UgxEE17R1iQyuDZebVF4AaABAg.A_UFk_pMAbMA_VZ_0Vdu89,06mFNPU0aB8,NEU,0.1959,0.7158,0.0883,-0.1076
UgxE_8DGgJmaHaV_WLJ4AaABAg,n8iP75gIpmw,NEG,0.8432,0.1467,0.0101,-0.8331
UgxEsAK7q3l34wFdZ414AaABAg,6W4u8sGEnGM,NEG,0.9653,0.0296,0.005,-0.9603
UgxEsAK7q3l34wFdZ414AaABAg.A_zCnf5bSajA_zKDdWQaaO,6W4u8sGEnGM,NEG,0.9545,0.0395,0.006,-0.9485
UgxEsAK7q3l34wFdZ414AaABAg.A_zCnf5bSajA_zMcZPgoSk,6W4u8sGEnGM,NEU,0.0342,0.5123,0.4535,0.4193
UgxEsAK7q3l34wFdZ414AaABAg.A_zCnf5bSajA_zX0eQk5DZ,6W4u8sGEnGM,NEG,0.9607,0.026,0.0133,-0.9474
UgxEsAK7q3l34wFdZ414AaABAg.A_zCnf5bSajA_zXHoAX3hj,6W4u8sGEnGM,NEG,0.9772,0.0186,0.0042,-0.973
UgxEsAK7q3l34wFdZ414AaABAg.A_zCnf5bSajA_zXUuRIq0q,6W4u8sGEnGM,NEG,0.7638,0.198,0.0382,-0.7256
UgxEsAK7q3l34wFdZ414AaABAg.A_zCnf5bSajA_znUL05zze,6W4u8sGEnGM,NEG,0.9122,0.0774,0.0104,-0.9018
UgxEsAK7q3l34wFdZ414AaABAg.A_zCnf5bSajAa0q77b9a3F,6W4u8sGEnGM,NEG,0.8131,0.1734,0.0136,-0.7995
UgxEsAK7q3l34wFdZ414AaABAg.A_zCnf5bSajAa0qEPC8tJc,6W4u8sGEnGM,NEU,0.0783,0.7996,0.1221,0.0438
UgxEsAK7q3l34wFdZ414AaABAg.A_zCnf5bSajAa41uU3Anhg,6W4u8sGEnGM,NEG,0.9608,0.0332,0.006,-0.9548
UgxFOJmnMHqi2dpDaZd4AaABAg,n8iP75gIpmw,NEG,0.8848,0.1036,0.0116,-0.8732
UgxFzCyhju6zPSl4zwZ4AaABAg,j43HgwYFKfk,POS,0.027,0.3076,0.6654,0.6384
UgxHqBlwo8Dpvv-2P5d4AaABAg,n8iP75gIpmw,NEU,0.0884,0.8619,0.0497,-0.0387
UgxJQfg5iHA6vRWS0El4AaABAg,j43HgwYFKfk,NEG,0.9249,0.0616,0.0135,-0.9114
UgxK5IJwWigmJ56Xp7p4AaABAg,ndAZjHqzzT8,POS,0.0312,0.2299,0.7389,0.7077
UgxKfM_nJMsGTkKkM8V4AaABAg,n8iP75gIpmw,NEG,0.9732,0.0212,0.0056,-0.9676
UgxLNf6Xy3xngPFLs594AaABAg,n8iP75gIpmw,NEG,0.8505,0.1434,0.0061,-0.8444
UgxLSZD8ZrNFmd10RKR4AaABAg,n8iP75gIpmw,NEG,0.9717,0.0233,0.005,-0.9667
UgxNSGVebHMGSFI8zX94AaABAg,6W4u8sGEnGM,NEG,0.893,0.0887,0.0183,-0.8747
UgxNgFkGSE6nct4PF3V4AaABAg,PjmxCj-a9Hg,NEU,0.1263,0.7462,0.1276,0.0013
UgxOO0LIkZP1WvhR1U54AaABAg,ndAZjHqzzT8,POS,0.005,0.0436,0.9514,0.9464
UgxPHo503SIH-EmlR-t4AaABAg,6W4u8sGEnGM,POS,0.0325,0.1703,0.7972,0.7647
UgxPRaGm9MdlK4U6VPt4AaABAg,n8iP75gIpmw,NEG,0.6716,0.2843,0.0441,-0.6275
UgxQC-ejR063rkAb1VB4AaABAg,yLZS3JiEBg8,NEG,0.9801,0.017,0.0028,-0.9773
UgxR0AXNH_3DGn-T1494AaABAg,n8iP75gIpmw,NEG,0.7737,0.2136,0.0128,-0.7609
UgxR1eqvFSEtPNShD8x4AaABAg,6W4u8sGEnGM,POS,0.0221,0.212,0.7659,0.7438
UgxS0pN-vg0fjeNSLeJ4AaABAg,6W4u8sGEnGM,NEG,0.971,0.0248,0.0042,-0.9668
UgxTjz0jSJkZW5dGnSp4AaABAg,n8iP75gIpmw,NEG,0.9632,0.0311,0.0057,-0.9575
UgxVUS-jkZU2DAjmNjR4AaABAg,n8iP75gIpmw,NEG,0.9684,0.0276,0.0041,-0.9643
UgxW0ZnTohConSPgOpp4AaABAg,j43HgwYFKfk,POS,0.0072,0.0482,0.9446,0.9374
UgxWzoHDeFfVC7jrjzF4AaABAg,OkXlHx0hx-8,POS,0.0042,0.0444,0.9514,0.9472
UgxWzoHDeFfVC7jrjzF4AaABAg.Aa9DdH5avRRAaB_gLYRAuw,OkXlHx0hx-8,NEG,0.6682,0.2675,0.0643,-0.6039
UgxXGkvxY-TdtPROWcV4AaABAg,j43HgwYFKfk,NEG,0.9457,0.0433,0.011,-0.9347
UgxXy9CurqMBEjFnVwF4AaABAg,ndAZjHqzzT8,POS,0.0027,0.0369,0.9604,0.9577
UgxZFzh6jzOX7Avhk1h4AaABAg,n8iP75gIpmw,NEU,0.3446,0.5728,0.0826,-0.262
Ugx_gjcVH5SlIKBNTGh4AaABAg,yLZS3JiEBg8,POS,0.0046,0.0709,0.9246,0.92
Ugxb-sknzjBr3wecCw94AaABAg,06mFNPU0aB8,NEG,0.9267,0.065,0.0083,-0.9184
Ugxb1xcC9SSJ_5vSArF4AaABAg,j43HgwYFKfk,NEU,0.363,0.4982,0.1388,-0.2242
Ugxbz7-04jLwadBMK_p4AaABAg,n8iP75gIpmw,NEG,0.9539,0.0373,0.0088,-0.9451
UgxcBa2IQb3I0JZcFax4AaABAg,6W4u8sGEnGM,NEU,0.4533,0.4985,0.0482,-0.4051
UgxcGV8-rD83ACvM0954AaABAg,n8iP75gIpmw,NEG,0.8564,0.1341,0.0096,-0.8468
UgxctiUZJriWwsE0a6J4AaABAg,n8iP75gIpmw,NEG,0.9674,0.0268,0.0058,-0.9616
Ugxd8fn-MEnc3SKPtid4AaABAg,6W4u8sGEnGM,NEG,0.6604,0.2816,0.058,-0.6024
UgxdfjiT5_VBaeADj7h4AaABAg,6W4u8sGEnGM,NEU,0.0794,0.5336,0.387,0.3076
Ugxe0MXeW4ziwUMTfF54AaABAg,n8iP75gIpmw,NEU,0.0698,0.7918,0.1384,0.0686
UgxeJQgzDc124jVv7Fx4AaABAg,j43HgwYFKfk,POS,0.014,0.2448,0.7412,0.7272
Ugxf6gnAtXKqV1Q_zRd4AaABAg,WIUZtitfLRw,NEU,0.0735,0.5533,0.3733,0.2998
UgxfUxJfY_pjvu9318Z4AaABAg,n8iP75gIpmw,NEG,0.9758,0.0189,0.0053,-0.9705
UgxfnbtuhVQuDILnXj14AaABAg,n8iP75gIpmw,NEU,0.1708,0.7049,0.1243,-0.0465
Ugxgxziq7k4s9WwmauB4AaABAg,lj983NWyAQY,NEG,0.9381,0.0549,0.0069,-0.9312
UgxiEgXuexKPtHEwAQJ4AaABAg,OkXlHx0hx-8,NEG,0.9598,0.0352,0.0049,-0.9549
UgxiEgXuexKPtHEwAQJ4AaABAg.Aa9HLCNywwKAa9OgyseDes,OkXlHx0hx-8,NEG,0.9324,0.0623,0.0053,-0.9271
UgxiEgXuexKPtHEwAQJ4AaABAg.Aa9HLCNywwKAa9ZeEQh7n7,OkXlHx0hx-8,NEG,0.8377,0.1415,0.0208,-0.8169
Ugxj76_NAyOnh_vsgMV4AaABAg,lj983NWyAQY,POS,0.0024,0.0235,0.974,0.9716
UgxkcFai5KbeHyhGbnF4AaABAg,6W4u8sGEnGM,POS,0.1224,0.3064,0.5712,0.4488
Ugxl5bLZ1llR9fV0V0l4AaABAg,n8iP75gIpmw,NEG,0.8664,0.1046,0.0291,-0.8373
UgxoLjEjkngSVGZvO1N4AaABAg,j43HgwYFKfk,NEU,0.1745,0.5716,0.2539,0.0794
Ugxoc10_rBva4f6IW2N4AaABAg,n8iP75gIpmw,NEU,0.2385,0.6777,0.0838,-0.1547
UgxovP0Yh3_qrKdrKrp4AaABAg,yLZS3JiEBg8,NEG,0.9033,0.0906,0.0061,-0.8972
UgxpFKbiejsVGSNIcTh4AaABAg,n8iP75gIpmw,NEG,0.9473,0.0461,0.0066,-0.9407
UgxqEChOyWebtVaqy-V4AaABAg,n8iP75gIpmw,NEU,0.202,0.5743,0.2237,0.0217
UgxqSfWMWvqMX8tiC5x4AaABAg,n8iP75gIpmw,NEG,0.5992,0.3797,0.0211,-0.5781
UgxrZBO3MtEqcgXAIEN4AaABAg,lj983NWyAQY,POS,0.0028,0.0212,0.9761,0.9733
UgxswojCyw1a0RuHVEp4AaABAg,3Nfp9h5avBI,NEU,0.1459,0.7918,0.0623,-0.0836
UgxuO_1lX_-jTQfAzZx4AaABAg,lj983NWyAQY,POS,0.0133,0.1332,0.8535,0.8402
UgxudaO35O8XcM9Wu4t4AaABAg,3Nfp9h5avBI,NEG,0.9614,0.0324,0.0062,-0.9552
UgxvgdNqovIhqUZDxUx4AaABAg,j43HgwYFKfk,NEG,0.6939,0.2959,0.0102,-0.6837
UgxvmbFNm6tYRX6yfLN4AaABAg,n8iP75gIpmw,NEG,0.9272,0.0622,0.0106,-0.9166
Ugxvt0tvqY4UlDS2hoh4AaABAg,j43HgwYFKfk,NEG,0.8234,0.1577,0.0189,-0.8045
UgxvxNmPMdRuRDptJQN4AaABAg,PjmxCj-a9Hg,NEG,0.8531,0.1332,0.0137,-0.8394
Ugxw_1trnd8loD3302V4AaABAg,n8iP75gIpmw,NEG,0.7945,0.1957,0.0098,-0.7847
UgxxNu7QTJHuAgFaEYN4AaABAg,n8iP75gIpmw,NEG,0.9752,0.0218,0.0031,-0.9721
UgxxdDS3FUc53KWN3KF4AaABAg,OkXlHx0hx-8,NEG,0.8377,0.1557,0.0066,-0.8311
Ugxy4k7pO6jFtwyDyFp4AaABAg,n8iP75gIpmw,NEG,0.8759,0.1147,0.0093,-0.8666
Ugxz9vnSvQJNt4YNbYV4AaABAg,WIUZtitfLRw,NEG,0.9761,0.0209,0.003,-0.9731
UgxzETIqBajjXFTGd_R4AaABAg,yLZS3JiEBg8,NEG,0.9826,0.0151,0.0023,-0.9803
UgxzN9_I9vkDCdX_8dN4AaABAg,n8iP75gIpmw,NEG,0.8534,0.1265,0.0201,-0.8333
Ugy0LbKWrqUFhWPRoKN4AaABAg,n8iP75gIpmw,NEG,0.9248,0.0656,0.0097,-0.9151
Ugy0LbKWrqUFhWPRoKN4AaABAg.A7epXgDRFjZA7f-Z-rKQOV,n8iP75gIpmw,NEG,0.9518,0.0379,0.0104,-0.9414
Ugy0dVAcWghuyCdAVS54AaABAg,n8iP75gIpmw,NEG,0.9658,0.0281,0.0061,-0.9597
Ugy1neHHTJYO0umhgLt4AaABAg,n8iP75gIpmw,POS,0.0149,0.4294,0.5557,0.5408
Ugy2FaeBadbmVJj7F714AaABAg,n8iP75gIpmw,NEG,0.9317,0.0645,0.0038,-0.9279
Ugy4JA9MR8l_gkTNgWh4AaABAg,j43HgwYFKfk,NEG,0.9647,0.0266,0.0088,-0.9559
Ugy4ex02KEXL5UFGjw14AaABAg,n8iP75gIpmw,NEG,0.8977,0.0827,0.0195,-0.8782
Ugy4utoHlyokVSeSi5h4AaABAg,n8iP75gIpmw,NEG,0.9151,0.077,0.0079,-0.9072
Ugy4x4u9e1_xRoppaMF4AaABAg,6W4u8sGEnGM,NEU,0.0683,0.7658,0.1659,0.0976
Ugy5j8gzaawBk-mw5et4AaABAg,n8iP75gIpmw,NEG,0.9146,0.0799,0.0055,-0.9091
Ugy5lmf3RzzeJDUeqQd4AaABAg,ndAZjHqzzT8,NEG,0.9827,0.0143,0.003,-0.9797
Ugy6Qii72nfxIpYyuCR4AaABAg,6W4u8sGEnGM,NEU,0.0918,0.7035,0.2047,0.1129
Ugy6isIL3n6cvYbJG-94AaABAg,JkpVO1hx2f8,POS,0.0843,0.3614,0.5543,0.47
Ugy6y6DL1AgyNzNpfMZ4AaABAg,n8iP75gIpmw,NEG,0.9737,0.0232,0.0031,-0.9706
Ugy7-QbaMzLjAO_vJMB4AaABAg,n8iP75gIpmw,NEG,0.9746,0.0216,0.0039,-0.9707
Ugy7Dk5SDB_d3RFlHU94AaABAg,n8iP75gIpmw,NEG,0.9338,0.0634,0.0028,-0.931
Ugy7b0JTkHodE4sTU_54AaABAg,WIUZtitfLRw,NEG,0.9241,0.0645,0.0114,-0.9127
Ugy8csktFvR0eUZN4cp4AaABAg,n8iP75gIpmw,NEG,0.7774,0.2005,0.0221,-0.7553
UgyAcWsNSqIPesdI3nF4AaABAg,n8iP75gIpmw,NEG,0.9465,0.0467,0.0069,-0.9396
UgyB52GZe4-PXJ2TqYB4AaABAg,j43HgwYFKfk,NEG,0.6127,0.313,0.0743,-0.5384
UgyBhR2qUXgMe2NJjRN4AaABAg,PjmxCj-a9Hg,NEG,0.9752,0.0193,0.0055,-0.9697
UgyC45vItnUiq1QrUtd4AaABAg,PjmxCj-a9Hg,NEG,0.8986,0.0876,0.0137,-0.8849
UgyC45vItnUiq1QrUtd4AaABAg.ALgn-KZ7p47ALgvLAMzZ1A,PjmxCj-a9Hg,NEG,0.6204,0.2875,0.092,-0.5284
UgyC45vItnUiq1QrUtd4AaABAg.ALgn-KZ7p47ALgwtbYMM1u,PjmxCj-a9Hg,NEG,0.9012,0.0923,0.0065,-0.8947
UgyC45vItnUiq1QrUtd4AaABAg.ALgn-KZ7p47ALgx6SmnMen,PjmxCj-a9Hg,NEG,0.58,0.3918,0.0281,-0.5519
UgyC9HUMcvW-e_nFJK14AaABAg,06mFNPU0aB8,NEU,0.2906,0.5893,0.1201,-0.1705
UgyCFEFtEmhDbi91yCF4AaABAg,06mFNPU0aB8,NEU,0.3714,0.5877,0.0409,-0.3305
UgyCoulSuwV8jBnjbtN4AaABAg,n8iP75gIpmw,NEG,0.9495,0.0404,0.0101,-0.9394
UgyD5CIXnbXNiM-a4VF4AaABAg,6W4u8sGEnGM,NEG,0.5897,0.2513,0.1589,-0.4308
UgyE6hk1g9jR7zB67lV4AaABAg,6W4u8sGEnGM,NEU,0.1128,0.6153,0.2718,0.159
UgyEM7_iOGkWV0SbNuB4AaABAg,n8iP75gIpmw,NEG,0.9573,0.039,0.0037,-0.9536
UgyFSrjeDvPsB0fKUdp4AaABAg,6W4u8sGEnGM,POS,0.0272,0.1611,0.8117,0.7845
UgyHHYcKhbzXr6xEjth4AaABAg,06mFNPU0aB8,NEU,0.155,0.4778,0.3672,0.2122
UgyHIuxG8A2lYDRB6vh4AaABAg,6W4u8sGEnGM,NEG,0.9233,0.063,0.0137,-0.9096
UgyHIuxG8A2lYDRB6vh4AaABAg.A_zEyCTHfWFA_zWovudn2B,6W4u8sGEnGM,NEG,0.927,0.0643,0.0087,-0.9183
UgyHcSyWHx2SKCg6db14AaABAg,j43HgwYFKfk,NEG,0.972,0.0239,0.0041,-0.9679
UgyIX1zx3bbc9DsK8VR4AaABAg,n8iP75gIpmw,NEG,0.9789,0.0179,0.0032,-0.9757
UgyIfQ-oDt0uVFZIq9d4AaABAg,PjmxCj-a9Hg,NEG,0.8736,0.1048,0.0216,-0.852
UgyIteBIiYe7DjUN3554AaABAg,ndAZjHqzzT8,NEU,0.2034,0.4779,0.3187,0.1153
UgyJ7QRY-X3DsJC-t-p4AaABAg,lj983NWyAQY,POS,0.0464,0.4366,0.5169,0.4705
UgyJnStLEHxVNbAfd0p4AaABAg,PjmxCj-a9Hg,NEG,0.4518,0.4446,0.1036,-0.3482
UgyMRj1sNq6Xkrqepst4AaABAg,n8iP75gIpmw,NEG,0.976,0.0197,0.0043,-0.9717
UgyN-BmjI1Qyr5moi-x4AaABAg,n8iP75gIpmw,NEG,0.78,0.1894,0.0305,-0.7495
UgyNuIQ1W1M3g8ut6314AaABAg,6W4u8sGEnGM,NEG,0.9747,0.0195,0.0058,-0.9689
UgyOyo4VyMiMOhqOkGd4AaABAg,yLZS3JiEBg8,NEG,0.811,0.1784,0.0106,-0.8004
UgyPm-2rnRLPav43Bt14AaABAg,TT4qJ5FXHYE,POS,0.0051,0.0314,0.9635,0.9584
UgyQQbXS_Q_JYcSefap4AaABAg,OkXlHx0hx-8,NEU,0.4232,0.5371,0.0398,-0.3834
UgyQxncw9dtHgZFgp014AaABAg,UhL9y3KUl8E,POS,0.0028,0.0229,0.9743,0.9715
UgyRmKHMG-ygpot6nY14AaABAg,j43HgwYFKfk,NEG,0.6794,0.2343,0.0864,-0.593
UgyS31-ujtXB5VmjBRV4AaABAg,j43HgwYFKfk,NEG,0.8486,0.1225,0.0289,-0.8197
UgySlQlmZmrLAq5JsLx4AaABAg,PjmxCj-a9Hg,NEG,0.6557,0.2802,0.0641,-0.5916
UgySlQlmZmrLAq5JsLx4AaABAg.ALh5XYlqNufALhOuUP3UYB,PjmxCj-a9Hg,NEG,0.9637,0.028,0.0084,-0.9553
UgySttznhywvGXZyF-N4AaABAg,lj983NWyAQY,POS,0.0055,0.0343,0.9602,0.9547
UgyVLVHQ4zNBKTTDxtp4AaABAg,n8iP75gIpmw,NEG,0.9356,0.0595,0.0049,-0.9307
UgyWzgDknElvfn9oFJZ4AaABAg,j43HgwYFKfk,NEG,0.7635,0.2054,0.0311,-0.7324
UgyX06qZFc3cNK6223J4AaABAg,n8iP75gIpmw,NEG,0.969,0.0265,0.0044,-0.9646
UgyXTA5oFwzI70TKCUd4AaABAg,is3Mk5oC19g,NEG,0.8699,0.1207,0.0094,-0.8605
UgyYPJkzW5rbOUI_vcd4AaABAg,TT4qJ5FXHYE,POS,0.0081,0.0698,0.9221,0.914
UgyYRHeJlfB9VF69LSp4AaABAg,lj983NWyAQY,POS,0.0027,0.0238,0.9735,0.9708
UgyYaWYhDStGYWDGkb94AaABAg,j43HgwYFKfk,NEU,0.4065,0.5648,0.0287,-0.3778
UgyYh5BUgByoCy2qNBR4AaABAg,yLZS3JiEBg8,NEG,0.9343,0.0615,0.0041,-0.9302
UgyZ2zEvW_CClk8k15F4AaABAg,j43HgwYFKfk,POS,0.016,0.0869,0.8972,0.8812
Ugy_6i8lJAd2eVIRNjx4AaABAg,j43HgwYFKfk,POS,0.0114,0.0721,0.9164,0.905
Ugy__nsWCBggw9EzOUd4AaABAg,n8iP75gIpmw,NEG,0.8967,0.0955,0.0079,-0.8888
Ugy__nsWCBggw9EzOUd4AaABAg.A7lbRpGUZoHA7nJxaD37u-,n8iP75gIpmw,NEU,0.2424,0.4796,0.278,0.0356
Ugy_ejYOfCK6ERWL_dt4AaABAg,j43HgwYFKfk,NEG,0.9492,0.0486,0.0022,-0.947
Ugy_hCCLd8GwWbnIbsd4AaABAg,ndAZjHqzzT8,NEU,0.0952,0.4856,0.4192,0.324
Ugyav8Au2cT8yVfYgp54AaABAg,PjmxCj-a9Hg,NEG,0.5536,0.4312,0.0152,-0.5384
Ugyb2uIeZGcNljNqap94AaABAg,j43HgwYFKfk,NEG,0.9818,0.0136,0.0046,-0.9772
UgycKHbiLBi0WcSs8sh4AaABAg,n8iP75gIpmw,NEG,0.9014,0.0869,0.0117,-0.8897
UgyciTatiqHr2BpFTqJ4AaABAg,j43HgwYFKfk,NEU,0.0252,0.5814,0.3933,0.3681
UgydkbyzemdvsBJrYxt4AaABAg,n8iP75gIpmw,NEG,0.808,0.183,0.009,-0.799
UgyeTw07aydjDqK4crN4AaABAg,lj983NWyAQY,POS,0.0072,0.119,0.8737,0.8665
Ugyeb8_nptWKXnFXH8F4AaABAg,n8iP75gIpmw,NEG,0.8388,0.1497,0.0116,-0.8272
Ugyejets0FNr0Zh-VuZ4AaABAg,n8iP75gIpmw,NEG,0.9859,0.0119,0.0022,-0.9837
UgyfMf4MkQsDKavjbLV4AaABAg,n8iP75gIpmw,NEG,0.9383,0.0488,0.0129,-0.9254
UgyhYgz2ilvm1-T5IW94AaABAg,j43HgwYFKfk,NEG,0.9818,0.0157,0.0025,-0.9793
UgyiGiWPuiTR2hkzmVd4AaABAg,n8iP75gIpmw,NEG,0.9015,0.0881,0.0104,-0.8911
UgyiegHTZAVz8J4Ogvt4AaABAg,j43HgwYFKfk,POS,0.006,0.0319,0.9621,0.9561
UgyihMW-pXKI2cEDqWx4AaABAg,n8iP75gIpmw,NEG,0.9339,0.0555,0.0106,-0.9233
UgyisqlInC7oBNbU95Z4AaABAg,n8iP75gIpmw,NEU,0.057,0.715,0.2281,0.1711
Ugyk3PqfIuDEuXyeb494AaABAg,n8iP75gIpmw,NEG,0.8754,0.1085,0.0161,-0.8593
UgykKTDDGdoiNQIuYJd4AaABAg,n8iP75gIpmw,NEG,0.8529,0.1191,0.028,-0.8249
UgymHCpILRINq5oT_7B4AaABAg,lj983NWyAQY,POS,0.047,0.3453,0.6077,0.5607
UgymHZwhYtsW9EYkxdl4AaABAg,n8iP75gIpmw,NEU,0.3904,0.5624,0.0472,-0.3432
Ugynh0Cq17X889qHS0J4AaABAg,n8iP75gIpmw,NEG,0.8701,0.1107,0.0192,-0.8509
UgyoRKhs1yP8oKoD3uh4AaABAg,j43HgwYFKfk,NEG,0.6261,0.3158,0.0581,-0.568
UgyoglGwyV2PhIAvHdt4AaABAg,j43HgwYFKfk,NEU,0.1143,0.4532,0.4326,0.3183
UgyqA5EpXnBPn_uH-KB4AaABAg,j43HgwYFKfk,NEG,0.9263,0.066,0.0076,-0.9187
Ugyr_-OfFbHlc9uWhg94AaABAg,OkXlHx0hx-8,NEG,0.8844,0.0983,0.0173,-0.8671
UgysnIFZt6-_f2iGbid4AaABAg,06mFNPU0aB8,POS,0.089,0.4118,0.4992,0.4102
UgysqnYM0p-_jyWisMJ4AaABAg,lj983NWyAQY,NEU,0.0899,0.7469,0.1632,0.0733
UgysslM7dkNnQ1JT7Mh4AaABAg,j43HgwYFKfk,POS,0.0093,0.0829,0.9078,0.8985
UgyuZ00FMdgmao7sNMx4AaABAg,n8iP75gIpmw,NEG,0.9742,0.0218,0.004,-0.9702
Ugyuk_4Gq9tbJjGZVRl4AaABAg,n8iP75gIpmw,NEG,0.9723,0.0241,0.0036,-0.9687
UgyvMO5z1LjtvyRIIxd4AaABAg,is3Mk5oC19g,NEG,0.5704,0.4039,0.0257,-0.5447
UgyvSxtnuw9xRiNU5tl4AaABAg,j43HgwYFKfk,NEG,0.9324,0.0402,0.0274,-0.905
UgyxvyPVCur3jgc_1mx4AaABAg,b_Hkrkl3adA,NEG,0.9742,0.0199,0.0059,-0.9683
UgyypM6Ts6Ut_EuFcdN4AaABAg,n8iP75gIpmw,NEG,0.9705,0.0225,0.007,-0.9635
Ugyyx5lXrgFXsraCIMh4AaABAg,n8iP75gIpmw,NEG,0.6755,0.3128,0.0118,-0.6637
UgyzKNq94Z4Y2GSth514AaABAg,yLZS3JiEBg8,NEU,0.0767,0.6076,0.3157,0.239
Ugyzgy-Lqlq6CTb4GPB4AaABAg,n8iP75gIpmw,NEG,0.9357,0.0564,0.0079,-0.9278
UgyzzIxBoO0_7kX1EWJ4AaABAg,WIUZtitfLRw,NEG,0.9827,0.0145,0.0028,-0.9799
Ugz-XNtfLx0lzcoHUXN4AaABAg,b_Hkrkl3adA,NEG,0.96,0.0292,0.0108,-0.9492
Ugz158DoUO_zyZlglG14AaABAg,06mFNPU0aB8,NEU,0.3435,0.507,0.1495,-0.194
Ugz1TFgP101cP3SQAW94AaABAg,n8iP75gIpmw,NEG,0.9565,0.0382,0.0053,-0.9512
Ugz1VUKAy1iuwk_x2jN4AaABAg,yLZS3JiEBg8,NEU,0.0759,0.871,0.0532,-0.0227
Ugz1kbHjtN-jQUk3sWd4AaABAg,n8iP75gIpmw,NEG,0.9666,0.0304,0.003,-0.9636
Ugz200h27x5RIAnswQd4AaABAg,n8iP75gIpmw,NEG,0.9391,0.056,0.005,-0.9341
Ugz26waEPWK6VtsenFZ4AaABAg,PjmxCj-a9Hg,POS,0.0676,0.3994,0.533,0.4654
Ugz26waEPWK6VtsenFZ4AaABAg.ALglV0O_2mtALgq1_mUSB_,PjmxCj-a9Hg,NEU,0.2125,0.7503,0.0372,-0.1753
Ugz2Y0LOPaJfoV8R01d4AaABAg,n8iP75gIpmw,NEU,0.1847,0.6435,0.1719,-0.0128
Ugz5OziU6YjREVjZJUZ4AaABAg,PjmxCj-a9Hg,NEG,0.9652,0.0279,0.0069,-0.9583
Ugz6naDsqtHsbONkRBl4AaABAg,b_Hkrkl3adA,NEG,0.775,0.2028,0.0221,-0.7529
Ugz76M4X7jXyiAqAC_d4AaABAg,n8iP75gIpmw,NEU,0.0464,0.8851,0.0686,0.0222
Ugz76M4X7jXyiAqAC_d4AaABAg.A7j4tx1RMDbA7oQQlZnZR4,n8iP75gIpmw,NEG,0.5918,0.3726,0.0356,-0.5562
Ugz7WPxTOQEwmZpnx_V4AaABAg,n8iP75gIpmw,NEG,0.8053,0.1807,0.014,-0.7913
Ugz8BbgcucTeHAjfvqJ4AaABAg,n8iP75gIpmw,POS,0.0051,0.0785,0.9164,0.9113
Ugz8fJcHTKHoEWJPwWt4AaABAg,j43HgwYFKfk,NEU,0.221,0.7304,0.0487,-0.1723
Ugz8hBV9j2KQGtMhPUR4AaABAg,is3Mk5oC19g,NEG,0.8151,0.144,0.0409,-0.7742
Ugz8pKFUmjVv-zF8lvJ4AaABAg,n8iP75gIpmw,NEG,0.9486,0.044,0.0074,-0.9412
UgzBnKyfiTTp9djPTh54AaABAg,OkXlHx0hx-8,POS,0.0103,0.2186,0.7711,0.7608
UgzBpiHQkRpqfeyCDwd4AaABAg,n8iP75gIpmw,NEG,0.9798,0.016,0.0042,-0.9756
UgzDFSLs4n_6XtQjgjZ4AaABAg,lj983NWyAQY,POS,0.0219,0.163,0.8151,0.7932
UgzDK8qo7Il1yafNllJ4AaABAg,PjmxCj-a9Hg,POS,0.0216,0.2458,0.7326,0.711
UgzESrzC3abcN60poBF4AaABAg,lj983NWyAQY,POS,0.0053,0.1384,0.8563,0.851
UgzFOdujc0-cy9W1Uv14AaABAg,n8iP75gIpmw,NEG,0.8943,0.0923,0.0133,-0.881
UgzGYzecKVZyDzajKPV4AaABAg,n8iP75gIpmw,NEG,0.7855,0.2007,0.0137,-0.7718
UgzH_SOr2gGO_dDna5J4AaABAg,n8iP75gIpmw,NEG,0.9398,0.0403,0.0199,-0.9199
UgzJ85lM1ogkB4KOk2d4AaABAg,PjmxCj-a9Hg,NEG,0.9791,0.0162,0.0046,-0.9745
UgzKcy6Zr6Ele2EAo6J4AaABAg,lj983NWyAQY,POS,0.0056,0.088,0.9064,0.9008
UgzL_lyzP1gwPdnVQ3Z4AaABAg,yLZS3JiEBg8,POS,0.0061,0.0435,0.9503,0.9442
UgzMXsCXt9Lh-tk3fZd4AaABAg,6W4u8sGEnGM,POS,0.2558,0.2711,0.4731,0.2173
UgzMXsCXt9Lh-tk3fZd4AaABAg.A_zGMKwFBhPA_zWhjiGKb7,6W4u8sGEnGM,POS,0.0187,0.1593,0.822,0.8033
UgzM_dw7xZDkJJ8eYQ94AaABAg,n8iP75gIpmw,NEG,0.6589,0.3091,0.032,-0.6269
UgzMppllQcjsXkBLgiZ4AaABAg,n8iP75gIpmw,NEG,0.8681,0.1212,0.0107,-0.8574
UgzOB-KAGGElQGAPxEZ4AaABAg,n8iP75gIpmw,NEG,0.9706,0.026,0.0035,-0.9671
UgzOGr7KGQ9pa-CJdgN4AaABAg,n8iP75gIpmw,NEG,0.9249,0.069,0.0061,-0.9188
UgzOYjc2Ii04ZArW7vF4AaABAg,n8iP75gIpmw,NEG,0.7932,0.1919,0.0149,-0.7783
UgzOeIbOqa0dhaWyj_B4AaABAg,s0eco-BofOs,POS,0.0343,0.2136,0.7521,0.7178
UgzPExq20lnf7-8d7_p4AaABAg,lj983NWyAQY,POS,0.0873,0.2082,0.7045,0.6172
UgzQTWwjC_XVPUNxuXp4AaABAg,OkXlHx0hx-8,NEG,0.9549,0.0386,0.0064,-0.9485
UgzRlz8OqalaHh8EnUl4AaABAg,OkXlHx0hx-8,NEU,0.2682,0.4944,0.2374,-0.0308
UgzRlz8OqalaHh8EnUl4AaABAg.Aa9hqaKl_ywAaB_OUjpKKh,OkXlHx0hx-8,NEG,0.6988,0.2248,0.0764,-0.6224
UgzRyWsi9Ed1wsXKgwd4AaABAg,yLZS3JiEBg8,POS,0.0078,0.0471,0.9452,0.9374
UgzSjpcAY2zvJ6i-poh4AaABAg,is3Mk5oC19g,NEG,0.7439,0.2254,0.0307,-0.7132
UgzSu6dFpC7PrEYl7AF4AaABAg,n8iP75gIpmw,NEG,0.9328,0.0609,0.0063,-0.9265
UgzT_1dx4pvgJTFMsnZ4AaABAg,6W4u8sGEnGM,NEU,0.2306,0.6183,0.1511,-0.0795
UgzTqBd3og9IPuVu3o94AaABAg,n8iP75gIpmw,NEG,0.9419,0.0502,0.0079,-0.934
UgzU2eLo006-Cz6rYLZ4AaABAg,ndAZjHqzzT8,NEG,0.876,0.1204,0.0036,-0.8724
UgzVRaRar_M-cPPi92x4AaABAg,is3Mk5oC19g,NEG,0.5963,0.3593,0.0444,-0.5519
UgzVSZ19e2Cc28bFi-94AaABAg,n8iP75gIpmw,NEG,0.8574,0.0875,0.0551,-0.8023
UgzVsPOuFAogocL8wKB4AaABAg,6W4u8sGEnGM,POS,0.0056,0.1176,0.8767,0.8711
UgzWNBqTQMz8ba4pbUd4AaABAg,j43HgwYFKfk,NEG,0.875,0.1187,0.0063,-0.8687
UgzWNJK42U_F1IKlwwh4AaABAg,n8iP75gIpmw,NEG,0.9663,0.0251,0.0086,-0.9577
UgzWs20muY6Ghm9Z7094AaABAg,JkpVO1hx2f8,POS,0.0466,0.1916,0.7617,0.7151
UgzXDN6uNEworKy3uqZ4AaABAg,n8iP75gIpmw,NEU,0.0231,0.644,0.333,0.3099
UgzYz6n8mPI0dBWsP2h4AaABAg,j43HgwYFKfk,NEG,0.521,0.434,0.045,-0.476
UgzZMPOIKJlwEpgh7zd4AaABAg,b_Hkrkl3adA,NEG,0.7828,0.2071,0.0101,-0.7727
UgzZMPOIKJlwEpgh7zd4AaABAg.AaB6SZj2UadAaBRkGrUAJI,b_Hkrkl3adA,NEU,0.1878,0.7816,0.0306,-0.1572
UgzZMPOIKJlwEpgh7zd4AaABAg.AaB6SZj2UadAaCH5adXxCo,b_Hkrkl3adA,NEG,0.8569,0.1055,0.0376,-0.8193
UgzZc-W-gVj1t4SXc-54AaABAg,lj983NWyAQY,POS,0.0276,0.3169,0.6555,0.6279
UgzaTUgOy4ekC0xQoFt4AaABAg,n8iP75gIpmw,NEU,0.3261,0.6007,0.0732,-0.2529
UgzaWev1Ju6338Y7Ehl4AaABAg,ndAZjHqzzT8,POS,0.0063,0.1709,0.8228,0.8165
UgzaWev1Ju6338Y7Ehl4AaABAg.A3Wof66r37mA3WrEtkJyep,ndAZjHqzzT8,NEU,0.3523,0.529,0.1188,-0.2335
Ugzb66mq9Rv0T7aalfJ4AaABAg,n8iP75gIpmw,NEG,0.6571,0.268,0.0749,-0.5822
UgzcJTEHjaN8bEV8Hfd4AaABAg,n8iP75gIpmw,NEG,0.9801,0.0157,0.0043,-0.9758
UgzcVyiuFGJ0Yv0C4Zt4AaABAg,n8iP75gIpmw,NEG,0.6038,0.3527,0.0435,-0.5603
Ugzd2CVlJWOmHWBPSkN4AaABAg,n8iP75gIpmw,NEG,0.9763,0.0165,0.0071,-0.9692
UgzeCbhVJhOJATewi5J4AaABAg,n8iP75gIpmw,NEU,0.4306,0.4702,0.0992,-0.3314
UgzfLTatI6lJD6Z_u_94AaABAg,6W4u8sGEnGM,POS,0.005,0.0703,0.9247,0.9197
UgzfXuFsM8L3Qt6qWJV4AaABAg,WIUZtitfLRw,NEG,0.9562,0.0372,0.0066,-0.9496
Ugzfc9D5wlSKYgY5Jrh4AaABAg,OkXlHx0hx-8,NEG,0.7652,0.2175,0.0173,-0.7479
Ugzfc9D5wlSKYgY5Jrh4AaABAg.Aa9bbFyRF_AAaB_C3DtL_L,OkXlHx0hx-8,NEG,0.8807,0.0998,0.0195,-0.8612
Ugzhc5zg6rDOR3ltTAZ4AaABAg,j43HgwYFKfk,POS,0.0301,0.2465,0.7234,0.6933
UgzhjFXjeUslGQMZ7KB4AaABAg,6W4u8sGEnGM,NEG,0.794,0.1738,0.0322,-0.7618
UgzhtSisQXcyX7bqkzB4AaABAg,n8iP75gIpmw,NEG,0.9514,0.0365,0.0121,-0.9393
Ugzi82q6lRyjtKUL5lV4AaABAg,n8iP75gIpmw,NEG,0.8982,0.078,0.0238,-0.8744
Ugzin8yr1Zz1k47GsSp4AaABAg,n8iP75gIpmw,NEG,0.4353,0.4201,0.1445,-0.2908
UgzjFGboqNxQ7BcH0bZ4AaABAg,lj983NWyAQY,POS,0.0069,0.0708,0.9223,0.9154
UgzjqVqTKYeOrM1kW0F4AaABAg,lj983NWyAQY,NEU,0.2008,0.5706,0.2286,0.0278
Ugzk5XnOVKoVj8FiOCB4AaABAg,OkXlHx0hx-8,NEG,0.6866,0.2942,0.0192,-0.6674
UgzlqevYeQWpdUl_KON4AaABAg,n8iP75gIpmw,NEG,0.9535,0.0403,0.0062,-0.9473
Ugzm7wFhhdctNQt_ubl4AaABAg,06mFNPU0aB8,POS,0.0685,0.3798,0.5517,0.4832
UgzmBKXDgncBFsDjRwd4AaABAg,n8iP75gIpmw,NEG,0.6672,0.294,0.0388,-0.6284
UgzmBVMoFVO53-_ZZ-54AaABAg,PjmxCj-a9Hg,POS,0.024,0.0884,0.8876,0.8636
UgzpHaLJJjoD9FnKO6p4AaABAg,6W4u8sGEnGM,POS,0.0127,0.0959,0.8914,0.8787
UgzpdnDQDBV6UZ96GZh4AaABAg,PjmxCj-a9Hg,NEG,0.9007,0.0779,0.0215,-0.8792
UgzpzyaFY6F6IdFxzk14AaABAg,n8iP75gIpmw,NEG,0.6496,0.3369,0.0135,-0.6361
UgzrrbkpudLqNqr7s6R4AaABAg,n8iP75gIpmw,NEG,0.782,0.2059,0.0121,-0.7699
Ugzs8eXa8mdQ8wlS4FZ4AaABAg,lj983NWyAQY,POS,0.0024,0.0196,0.978,0.9756
UgztKpwRx20oET8wGLJ4AaABAg,PjmxCj-a9Hg,NEG,0.7729,0.1762,0.0509,-0.722
UgzuugQO6qMSbkVsdGp4AaABAg,PjmxCj-a9Hg,NEU,0.0554,0.8852,0.0593,0.0039
UgzvKLXKEkVzjn_XRHp4AaABAg,n8iP75gIpmw,NEG,0.9698,0.0257,0.0045,-0.9653
UgzwvEpQc3M_AWvNDad4AaABAg,lj983NWyAQY,POS,0.0051,0.0256,0.9693,0.9642
Ugzx7TTfRu5S-pT0LuZ4AaABAg,n8iP75gIpmw,NEG,0.6484,0.3223,0.0293,-0.6191
UgzxhrnRAMNePfy6u7J4AaABAg,PjmxCj-a9Hg,NEU,0.329,0.3548,0.3162,-0.0128
UgzzpE27HS1dmWfyATJ4AaABAg,n8iP75gIpmw,POS,0.0495,0.327,0.6234,0.5739
